Fatima,Bolton,Female,2001-03-22,58wtab126v9wb3k@gmail.ukr
Efrain,Garner,Male,2002-10-16,0jl1hzcw6kieugdg4@gmail.gg
Gerald,Allison,Male,2003-01-18,8twjb7u8x3f@gmail.gg
Amir,Collins,Male,2005-12-04,jd892roparsvsiukr@gmail.ukr
Ross,Singh,Male,2002-07-24,zhtj7muk8dwy34c@gmail.ua
Cassidy,Caldwell,Female,2004-08-19,9zmjq6nmvdjhjv79j30@gmail.ukr
Andres,Page,Male,2002-05-04,pjgyvpi6i7@gmail.com
Clarissa,Hinton,Female,2002-05-04,ml9w05vuiksxfcv7@gmail.ua
Paulina,Downs,Female,2004-10-01,lkrryspjd0jg7ijstp1@gmail.ukr
Xander,Navarro,Male,2003-10-30,6ekfpn0y5bif17e@gmail.ukr
Santino,Salas,Male,2003-08-14,tj0ex1kxpn1ophxqs@gmail.com
Aydan,Mcclain,Male,2003-06-13,s4ifp20vxirqhb4tc@gmail.ua
Darnell,Phillips,Male,2001-11-24,yr0ikp57cj@gmail.ukr
Dangelo,Hahn,Male,2001-11-09,llzdaewk8ace0yaz@gmail.ua
Dustin,Campbell,Male,2003-09-09,q4hu0ox497n6@gmail.ua
Louis,Short,Male,2005-12-12,c78k75pmnc93r@gmail.gg
Jocelyn,Austin,Female,2002-09-16,zoad8rxx5u2hvy5o@gmail.ua
Baylee,Moses,Female,2004-06-09,o8h98sq6dh6ux5j3lx1e@gmail.gg
Javier,Joseph,Male,2002-08-02,7o9v46s997kj4k@gmail.com
Natalya,Brock,Female,2005-11-21,vzwpyuutt9@gmail.ua
Monica,Romero,Female,2005-04-18,il09prpm2bocr9o@gmail.gg
Rowan,Shaffer,Female,2000-10-19,5vh0hyxh9a3qoqlv@gmail.ua
Gaven,Adkins,Male,2002-06-07,ist23ke2lelxra03@gmail.ua
Maleah,Gaines,Female,2001-05-02,mqai3whi1uo9xq3kbusl@gmail.ua
Josie,Marsh,Female,2000-05-30,dcd13xm1er8nfehibgq@gmail.gg
Reynaldo,Rubio,Male,2002-08-22,foxgu33xxjmknhs2@gmail.ukr
Livia,Bradley,Female,2004-05-09,vwtz69o1hca@gmail.gg
Gordon,Waller,Male,2003-12-03,s1b0f4yz0x40kaku20@gmail.gg
Virginia,Lucas,Female,2004-08-21,uwssmarggaoszj@gmail.ua
Paloma,Chambers,Female,2000-02-28,ak589l5r1bdzel5dmh8q@gmail.ua
Cason,Watkins,Male,2003-06-17,stux2tt2avw9lwn7c@gmail.com
Corbin,Mayer,Male,2004-08-11,0jqqftp7q3dx1@gmail.ua
Allison,Zavala,Female,2003-03-06,eb005y7g1h31@gmail.gg
Callie,Lawson,Female,2002-08-23,tn47ynihfs2hlxr407v@gmail.ukr
Arabella,Beck,Female,2000-03-17,t1b2etf36w7bkhtt5exc@gmail.com
Markus,Arroyo,Male,2003-04-21,rgm4y2mtp0xi3nu93ss@gmail.ua
Catherine,Young,Female,2004-07-08,8h055waho7xnd58@gmail.com
Isabela,Beard,Female,2002-10-15,d4sys2suzn1lhtk@gmail.ukr
Brice,Cameron,Male,2001-10-16,as9hifmpeu@gmail.ukr
Hailie,Wilkinson,Female,2002-07-29,svo5si6knlbg32jqy@gmail.gg
Landin,Rodriguez,Male,2004-07-10,9jrrq7cwtecd92ouwp@gmail.com
Franco,Henderson,Male,2003-12-16,4i64hzj8ezml5@gmail.ukr
Lorelei,Esparza,Female,2000-02-10,wq57kb4nqjrmioldkk@gmail.ukr
Trevin,Durham,Male,2001-12-02,t771yz4vqya@gmail.com
Esperanza,Marquez,Female,2004-05-07,1wsij20ipfnokawsi5@gmail.gg
Jameson,Cardenas,Male,2001-08-27,odpk750vfruuo71f@gmail.ua
Haylee,Wagner,Female,2005-07-20,2hqhlms24z5euxn9@gmail.ukr
Kendall,Bell,Female,2001-11-16,gl90xi6sa6@gmail.ua
Amy,Poole,Female,2002-03-18,57m4rc9a8c3u63ne9vk@gmail.ua
Addison,Villegas,Female,2005-08-26,jqcmw4ndsyt3lr@gmail.ukr
Luna,Rollins,Female,2001-12-28,9nzgf8a0hw6@gmail.ukr
Ann,Strickland,Female,2003-12-16,ea317le7akzrfgafer@gmail.com
Alyssa,Watts,Female,2002-01-03,claauziaq40inglvwm@gmail.gg
Yandel,Ritter,Male,2002-11-08,xximm0z1vyc1bvrui@gmail.com
Caden,Mckay,Male,2002-01-22,lmqcqizoqtf9coc2p@gmail.com
Keyla,Frazier,Female,2000-02-04,8r5s0he1ohfgc9vj2q16@gmail.gg
Aleena,Morrison,Female,2004-05-11,a2n08rx507d76u2qecp@gmail.ukr
Bianca,Li,Female,2004-05-30,awaxonvxu8mep8igm@gmail.com
Mike,Vaughan,Male,2003-12-05,htng1b2h32yu26y4fs@gmail.gg
Sofia,Hutchinson,Female,2005-08-15,nnb9vw5ty3oxbabsa@gmail.ua
Kenneth,Huffman,Male,2002-07-17,i2nxf2ji7dg0@gmail.com
Nicolas,Martinez,Male,2002-10-12,9papognwyxb3947adkl@gmail.ukr
Malia,Hurst,Female,2003-10-05,ic4rv8emzxe0ednnsq1@gmail.ua
Tony,Patel,Male,2001-05-31,vhscqwwpq5hm6m@gmail.gg
Liberty,Wiley,Female,2005-06-04,vqalnowng1ydd4@gmail.com
Jax,Barry,Male,2000-07-02,mgsja2xnsqsl@gmail.com
Talia,Buckley,Female,2002-12-07,f0hd6yhc3tq9i@gmail.gg
Maryjane,Vargas,Female,2003-08-20,nb6bbb1uc9ckoyf84j@gmail.com
Asher,Byrd,Male,2005-04-20,uq9vxk8c84y0q1wthh@gmail.gg
Jane,Cooley,Female,2000-12-27,i12by9ftilpngs8@gmail.ukr
Kingston,Daniels,Male,2004-05-12,f38htcuia84i3tddd4z4@gmail.gg
Timothy,Cervantes,Male,2005-03-28,faoyg2d856nxc21j@gmail.com
Nancy,Richardson,Female,2002-07-11,fc20ne8ix5gbt8cna@gmail.gg
Jamie,Parks,Female,2004-02-15,eq9rmg0570@gmail.ukr
Kaitlyn,Barron,Female,2005-11-22,wuflsj5g58@gmail.gg
Makhi,Wiggins,Male,2005-11-03,hb2geixcat@gmail.ua
Kadence,Hamilton,Female,2005-05-18,unrbms8i68cxoo@gmail.com
Deangelo,Carlson,Male,2000-04-02,o89pbabxqh@gmail.ua
Angelo,Pace,Male,2001-05-28,i4ncp006hefckx0qv3u@gmail.gg
Vicente,Macias,Male,2003-12-29,3kf7hnwb3hp2@gmail.ukr
Mira,Sims,Female,2000-06-12,oh6byw80d953i9ekz6cl@gmail.ukr
Alessandro,Russo,Male,2004-01-04,rzg8u4k4k2vep24pdn29@gmail.ua
Antonio,Griffith,Male,2005-11-06,q45vvwoe54oc4ob1@gmail.ua
Neil,Goodwin,Male,2000-07-22,3o4y8t281x@gmail.com
Amina,Maldonado,Female,2001-10-04,ufy6t2yfd0txi@gmail.ukr
Vivian,Kline,Female,2004-08-23,ub6klmelues@gmail.gg
Kaden,Bass,Male,2004-12-29,h97ww0rhrhm0leo@gmail.ua
Cassandra,Holmes,Female,2005-05-16,nl2fru7vps656ifmctbf@gmail.ukr
Catalina,Stephens,Female,2003-05-30,6v6xfx5gilplu@gmail.com
Kamila,Bryant,Female,2004-08-11,igsdwtwa9xl7aq71r1l7@gmail.com
Abigail,Townsend,Female,2005-09-26,b0ooxz2u7g7jp4b6m@gmail.gg
Alena,Sutton,Female,2002-01-20,60q1j73tzmfmhuxb8@gmail.ukr
Jean,Humphrey,Male,2000-03-31,lantk9dik2ir@gmail.ukr
Gabrielle,Black,Female,2000-01-08,6s237tkssom83@gmail.com
Lillian,Gamble,Female,2002-02-14,ppivsatektkry1luzt@gmail.ua
Yazmin,Mcdowell,Female,2001-08-21,qhedl1sqw70@gmail.ukr
Mattie,Melendez,Female,2005-02-26,siyx91a0h3g0zi@gmail.ukr
Wade,Mcclure,Male,2004-07-12,dpuit66syn0cj06mv5i9@gmail.ua
Lacey,Jacobs,Female,2002-06-21,nteg7q19htfs15piggy@gmail.gg
Reese,Cruz,Female,2002-09-07,b7atcumzojdlv@gmail.gg
Emily,Webster,Female,2005-09-11,e9ihvofp4b0gq7xkfn@gmail.ukr
Keith,Gray,Male,2001-08-09,55f68xx7ss3zjr70nv@gmail.com
Selah,Oneal,Female,2004-10-24,ppubol1po7l5r7p7fw2s@gmail.com
Julissa,Frey,Female,2004-01-27,ww84r1upeli3147d@gmail.ukr
Alvin,Garcia,Male,2001-06-07,hwg70smdbt5e7u7z@gmail.gg
Cristian,Blackwell,Male,2005-08-22,7c36prctak77@gmail.gg
Kali,Dyer,Female,2001-07-03,7emo4w7nn2sxgbm3fk@gmail.ukr
Patricia,Kemp,Female,2004-05-27,kta9w5gq1huzmlqsetiw@gmail.gg
Hannah,Jenkins,Female,2004-12-03,mwala9cnnzu3@gmail.ukr
Taniya,Lowery,Female,2004-03-06,j369ou9qr6h5@gmail.ua
Elisabeth,Good,Female,2002-09-30,tn2z0tfpiuu51yr@gmail.ukr
Emerson,Horne,Male,2003-07-10,l8fl305xz80@gmail.ukr
Peyton,Sullivan,Female,2004-01-31,n28fq1xxjsf5m01q6ne@gmail.com
Lilah,Yu,Female,2000-03-08,950j9rr2kqsrd4u6gdy@gmail.gg
Yasmine,Knight,Female,2000-09-17,4k4molkfx3rcw2xc@gmail.gg
Sage,Pierce,Female,2005-02-01,6d080fjdcabcb1a0@gmail.gg
Elianna,Mcguire,Female,2000-01-17,ukt4hh9uqsldezgh0i@gmail.com
Lyla,Meadows,Female,2003-06-17,40i9kqyk0gw@gmail.gg
Toby,Torres,Male,2005-12-07,ypjcihlckkp3jbqc2u@gmail.ukr
Jamal,Fleming,Male,2001-09-14,27tzw51erpc@gmail.ukr
King,Reyes,Male,2003-06-08,84bjs99ncf031jb5xq@gmail.ukr
Emilio,Hayes,Male,2003-10-01,ws6zdvlplhevo0g@gmail.ua
Jaylene,Heath,Female,2002-01-18,f1x7atojk0vkqlqgjbp@gmail.ua
Viviana,Blair,Female,2002-02-13,96fz4sx9qfoad603u8g@gmail.gg
Brile,Cantu,Female,2002-05-05,8b03e75lpl@gmail.ua
Kadyn,Cordova,Male,2003-07-13,9lzjix9v5tc@gmail.ua
Luz,Shields,Female,2003-10-27,cp1g033g3mf@gmail.ua
Bronson,Walter,Male,2002-11-13,p11isscqr2ep47at91@gmail.ua
Jillian,Holden,Female,2001-08-08,8sjc0s8yvu64q@gmail.com
Jair,Mercado,Male,2000-09-29,7ekkk8wg9md2immjvjic@gmail.gg
Brycen,Mcdaniel,Male,2004-12-09,4smjzmyjg7@gmail.ukr
Kyan,Price,Male,2001-01-08,8z06assrhkzim@gmail.gg
Phoenix,Giles,Male,2000-09-18,z81opffuc58ocue3b40@gmail.com
Lilian,Melton,Female,2004-09-13,aynf64ti3yj@gmail.ua
Giancarlo,Edwards,Male,2005-11-02,l0a4e0s0yquheioupe8@gmail.com
Bentley,Howard,Male,2005-04-09,qh9h3yk372pu@gmail.gg
Kristin,Hart,Female,2003-09-14,79measgoccuphuwjdp@gmail.ukr
Jordon,Bridges,Male,2005-03-15,zuybtxfqshfc@gmail.ukr
Cory,Dougherty,Male,2005-12-07,kryyjmmw35fwsnw96f@gmail.ua
Jaylen,Spence,Male,2004-05-14,h7ikvfqd8trqhwebsrh@gmail.gg
Rubi,Cortez,Female,2000-05-28,ljacuukkvaay@gmail.ua
Darion,Hancock,Male,2003-05-05,tjwcgynl4fyxz2at@gmail.gg
Jasper,Morales,Male,2004-03-03,xz4oogv5gm49bi503ray@gmail.ua
Talan,Barber,Male,2003-06-15,bvaclhjbsb@gmail.ukr
Leyla,Taylor,Female,2004-11-11,upo8qlypu7bxjiw8w3@gmail.com
Kaelyn,Jennings,Female,2003-09-30,0g1s1jnhqs@gmail.com
Jan,Wu,Male,2003-11-13,dceu08qija@gmail.gg
Jerome,Maddox,Male,2004-12-07,o901heahuh@gmail.com
Kolton,Hensley,Male,2001-01-10,ja87sx6q8r7wbd6us@gmail.ua
Lamar,Faulkner,Male,2001-07-02,3aimzmg8xverve@gmail.ua
Aniyah,Conway,Female,2000-04-24,ecy0vgg4h18s2c1utr@gmail.com
Judah,Moon,Male,2003-09-25,wd7r7920vii09@gmail.com
Alexa,Chavez,Female,2000-02-16,hfw6519exsqbonq@gmail.gg
Darien,Stanton,Male,2001-06-12,qe5kz0axouxqc8j2a@gmail.gg
Valentin,Lucero,Male,2000-11-13,t7ivh9ocb7pvri@gmail.com
Alexus,Burke,Female,2002-12-19,c77ufnttq7dteivai@gmail.ukr
Niko,Crawford,Male,2004-02-14,005j0n0rsqcko@gmail.ukr
Rodolfo,Ibarra,Male,2005-04-12,hlg2t42t5v956p8kffrn@gmail.com
Kaya,Dennis,Female,2005-02-21,qqp0m3bie1dn4kfyea@gmail.ua
Hailee,Ward,Female,2003-05-13,zzx9q8ax0hcki1wb1g@gmail.gg
Estrella,Barker,Female,2000-03-10,2gufluct8xcao0gi@gmail.ua
James,Jensen,Male,2004-11-10,rl3rrhurn1r3w@gmail.ukr
Felipe,Wood,Male,2001-07-17,yootjllxjx@gmail.com
Devin,Lawrence,Male,2003-06-25,vwnc7249xeoygwb5c3@gmail.gg
Brandon,Carson,Male,2002-12-05,s1tpshdcobh4pfy2x@gmail.gg
Kiara,Ayala,Female,2004-12-10,0skttet1j91wntn@gmail.ua
Katherine,Cain,Female,2001-09-06,pv0xr3iryqa5hf1rv@gmail.ua
Ashlynn,Acosta,Female,2005-01-15,nm1rz45ppoivq@gmail.gg
Zack,Mahoney,Male,2001-02-23,hgf9lal1s5ht@gmail.com
Amber,Collier,Female,2003-07-31,nwx5yu3jkp6srkz6v6c@gmail.gg
Adriel,Holland,Male,2000-06-20,jy2mr2zu19rtguh5uni8@gmail.gg
Kira,Lee,Female,2004-11-23,0mgf98ohj0v9kinldb8h@gmail.com
Edwin,Medina,Male,2004-10-02,dpoocm29avvr98z2@gmail.ua
Sasha,Randall,Female,2005-01-17,r55srsgwny7eg@gmail.gg
Jadon,Hatfield,Male,2000-11-04,y6ghcz3j11djqk6oz6@gmail.gg
Mya,Irwin,Female,2002-12-01,29nhohb8eebz@gmail.gg
Adan,Kirk,Male,2002-05-31,bdd0u1t21erj18xteh@gmail.gg
Maritza,White,Female,2004-05-01,3w011fdc7yg5ra9qe@gmail.com
Weston,Morgan,Male,2003-05-08,p5hes51ovjxefar8kmm3@gmail.ukr
Joseph,Gallegos,Male,2003-12-31,i0of7urzjf4p@gmail.com
Ryan,Blake,Female,2005-01-07,3zcp3q9tqw4hq7di@gmail.ukr
Claudia,Ewing,Female,2003-01-29,r5jmmi16nky@gmail.com
Jason,Mccarthy,Male,2005-08-07,06uif3hgar@gmail.ukr
Tucker,Burns,Male,2003-09-27,m2czryklbol1ig4@gmail.ukr
Craig,Wallace,Male,2004-04-05,lyy4bsw0iwh@gmail.com
Roselyn,Mitchell,Female,2004-06-15,45c05y3wb4kekql@gmail.com
Beckett,Dean,Male,2005-07-19,k50l2h239tugua49s2@gmail.ukr
Ayana,Johns,Female,2001-06-28,nio1wb8b12xltlgo5d@gmail.gg
Jaylin,Brandt,Female,2000-03-12,d0g9qua1lsk95obd4sdy@gmail.ua
Raquel,Farley,Female,2004-03-24,hfkd88g5hx@gmail.ukr
Jadyn,Simon,Female,2005-07-29,1265eab8kvqepwd277lz@gmail.ua
Paige,Sot,Female,2001-10-28,1mznhnc0arjleb1tr@gmail.ukr
Sophia,Vasquez,Female,2002-06-18,h6amue9adewp0sarx@gmail.com
Bo,Malone,Male,2003-08-18,0q9bcjyah89cohggex@gmail.ua
Kole,Friedman,Male,2004-11-08,avzfgxgtrfw5@gmail.com
Immanuel,Lin,Male,2000-05-19,ivxjdas6j85@gmail.ukr
Krystal,Hendrix,Female,2002-04-16,3qixadpvrxu3s6hzp@gmail.com
Quinn,Kirby,Male,2003-10-24,1x4vzia9w10h9s8oz4@gmail.ua
Cecilia,Gentry,Female,2003-05-03,387p4ok6bl1fxijfbgl@gmail.com
Genesis,Strong,Female,2002-12-30,s2mlzyab3le3@gmail.ukr
Lesly,Fitzpatrick,Female,2005-05-19,vk1h5rpewflswx6v3it@gmail.ukr
Remington,Howell,Male,2000-02-08,ew3lceqkpaekh6vkqun@gmail.com
Tomas,Horn,Male,2003-02-21,62aqemf5xm@gmail.com
Allisson,Ray,Female,2000-04-05,pd6illqndkzl4lgtc9cc@gmail.ukr
Sterling,Whitney,Male,2004-11-16,dr3cqw1rmr0zzzaxu@gmail.ua
Drake,Paul,Male,2005-03-12,lg85z9h4uua6ll@gmail.gg
Essence,Chapman,Female,2005-07-30,caxokgdaxjzmeh2@gmail.gg
Kiersten,Cooper,Female,2002-12-18,hgtrdlwi935s@gmail.ukr
Jazlyn,Costa,Female,2004-04-06,mfmmsa7g70l@gmail.com
Celeste,Parsons,Female,2001-10-02,6fv979m7oi@gmail.ua
Axel,Waters,Male,2002-12-02,t0iysin6wlph4neizhyh@gmail.gg
Jayvon,Lamb,Male,2000-03-28,f9jndf8y6pr@gmail.gg
Nathan,Gilbert,Male,2003-08-15,66wlc49pczveeksko@gmail.com
Chad,Mcpherson,Male,2003-04-08,ecbbzbp41v3vxi6j5@gmail.gg
Emiliano,Greene,Male,2005-01-05,c14ffwje989@gmail.ukr
Karly,Gibbs,Female,2001-10-11,qzev32hc4olc@gmail.ukr
Adonis,Flores,Male,2004-08-21,ar1pky5ukzw@gmail.ukr
Rhianna,Craig,Female,2005-02-05,72wi1cb4ihp7lpnu63ur@gmail.gg
Makenzie,Peters,Female,2003-11-03,ifousvnjbzg807pthq9g@gmail.ukr
Kyle,Coffey,Male,2002-12-28,lqxzvvklgoq61h@gmail.com
Elliott,Harmon,Male,2005-12-22,mlsty0mhq4sd70mi570@gmail.ukr
Jakobe,Pratt,Male,2000-01-04,lxrcbo0t7ag1@gmail.gg
Kylee,Huynh,Female,2000-08-05,saz60vg15qtuymvwx9mg@gmail.ua
Alberto,Murillo,Male,2005-12-25,mhqsnyr9ex0h@gmail.gg
Anahi,Hoover,Female,2000-03-01,omqxvnydzsju4jjr@gmail.ukr
Brenton,Chandler,Male,2000-03-08,8yz0pb88hg3voln6qcy@gmail.ukr
Jamison,Travis,Male,2000-01-23,ozgvw1oqt1ux2imb6@gmail.ua
Allan,Pena,Male,2003-06-27,986yd9h41e5zatmv12@gmail.ua
Gilberto,Calderon,Male,2003-01-19,b9xnddahl10@gmail.ua
Aliya,Hansen,Female,2002-11-11,t1jgw7vtz9@gmail.ukr
Antony,Eaton,Male,2000-05-22,249o884tlk11dz107qn@gmail.ua
Santiago,Bray,Male,2004-08-11,6qd0dobxspbh@gmail.ua
Atticus,Sharp,Male,2004-02-23,0vq96d0hvunbi36624r@gmail.ua
Kirsten,Oconnell,Female,2001-01-22,k898ubomra@gmail.gg
Gavin,Mccarty,Male,2004-06-06,hw5pcha9a97kz6@gmail.ua
Lailah,Guerrero,Female,2005-04-07,yaab4plr705hlpn@gmail.ua
Nico,Mccann,Male,2002-06-07,ksnm5ilv0c9@gmail.com
Amira,Mejia,Female,2003-07-08,n1qf91kfdftlcgt75@gmail.ukr
Makai,Nunez,Male,2002-08-04,50zxm5ch3ot3em3@gmail.com
Miracle,Mata,Female,2001-04-18,sg0566740jmwsoyj@gmail.ua
Abdiel,Baird,Male,2002-09-14,17ba0o5b94hx30xqszm@gmail.com
Demarion,Hopkins,Male,2004-09-17,9zg907394g0j@gmail.com
Ace,Sandoval,Male,2005-07-08,wa3ojri5440ua4se@gmail.ukr
Claire,Powell,Female,2002-12-26,4949wu7mx9ld7ak@gmail.ukr
Precious,Washington,Female,2004-05-31,u0ynv3cnrukmm@gmail.ua
Kash,Spears,Male,2003-07-02,7er76ckymi0bhjr9@gmail.ua
Helena,Cantrell,Female,2001-07-14,detq67n8c8@gmail.ua
Waylon,Mayo,Male,2003-02-08,qu9xafu9s2b@gmail.com
America,Compton,Female,2005-02-08,jqkypj4xqfy77@gmail.ukr
Jorden,Jackson,Male,2002-12-01,4x03n7epme8ug@gmail.ukr
Madden,Clayton,Male,2002-09-29,f28tl012i58gjyocg1ia@gmail.ukr
Arjun,Rivas,Male,2005-05-05,20gvsiwgjsjyzrt8@gmail.com
Chace,Watson,Male,2002-02-04,5jp9477qian330cap4@gmail.gg
Kassandra,Lester,Female,2001-08-24,vypk2ndxuf84n@gmail.com
Savanah,Woodward,Female,2001-07-13,8xiil6ze5lma1dp@gmail.gg
Aron,Fernandez,Male,2004-07-01,q9oudg9dddykd1@gmail.ua
Addisyn,Bowers,Female,2001-12-03,rr5eojg8pg@gmail.gg
Kayden,Herman,Male,2005-08-26,1cul5e2ux0xk8cmrji3@gmail.gg
Mariyah,Wise,Female,2000-12-05,xhfnygrda9pj58m@gmail.ukr
Jamiya,Guerra,Female,2004-04-13,xvxw441uq09avuk1wyqr@gmail.com
Ibrahim,Leblanc,Male,2002-09-21,q1koceqblts5fp@gmail.ua
Reuben,Stuart,Male,2002-04-27,y7acftv04t@gmail.com
Rylee,Bright,Female,2005-06-27,b804icqnbqyw4ufnmn0l@gmail.gg
Ean,Woodard,Male,2003-03-30,x4pxtx3ncmqtdv9s11@gmail.com
Zion,Santana,Female,2005-03-13,0e6t2m2ao3anhnqz@gmail.gg
Amelia,Sosa,Female,2002-05-27,8vc64koqm0bpwgi7xu@gmail.ua
Nayeli,Luna,Female,2001-05-11,ehukqiqba2k7@gmail.com
Camryn,Whitaker,Female,2000-01-30,l7dc9ai4st9ek@gmail.ua
Hugo,Vang,Male,2001-08-28,5pdu78yir2bpqw5h@gmail.gg
Alisson,Schmitt,Female,2002-10-19,g0bj7wdzc6m88o2rmdo8@gmail.com
Alyson,Mccullough,Female,2005-11-05,o37bfufccajob2mz910@gmail.ukr
Dulce,Dudley,Female,2001-10-09,wsobyqqbpyqh00h7k@gmail.com
Daniel,Wilcox,Male,2004-03-04,qkby70va8p8xc1re@gmail.ukr
Darrell,Cooke,Male,2003-07-24,zfsh6d02q5a85n@gmail.com
Micah,Contreras,Male,2002-04-22,f51pdzhvip1p7wmwtxa@gmail.com
Sanai,Brady,Female,2004-02-24,qtjwzggxrf5@gmail.com
Reed,Nicholson,Male,2001-06-19,f8vlmpldl63@gmail.gg
Malik,Baxter,Male,2000-08-10,ew9ve834h431@gmail.gg
Kimberly,Montgomery,Female,2003-09-03,g2cx3pnsd6n@gmail.ukr
Leanna,Moody,Female,2001-05-23,cosnw1n46fp8let1@gmail.com
Salvador,Andrade,Male,2001-11-27,lg5f4p5o1xpleyjkzymd@gmail.com
Karley,Mullins,Female,2002-09-24,bbtnm46y23bdcvtuu2@gmail.gg
Sergio,Mcmahon,Male,2002-07-03,cswx99dfx8og@gmail.ua
Kinsley,Pacheco,Female,2003-09-24,igytnp62t6hm@gmail.com
Skyla,Beasley,Female,2001-03-09,4qmtfr8e2p5@gmail.ukr
Houston,Francis,Male,2004-03-26,aswj03ye6lu2ftntf@gmail.ua
Daniella,Moss,Female,2003-01-19,lk5gi7ykp614zl1mkdz@gmail.ua
Blaze,Schaefer,Male,2003-11-30,vlymaz77svb2@gmail.com
Jacey,West,Female,2002-11-19,12kb3askaerop6jkekt@gmail.gg
Stella,Velasquez,Female,2000-09-29,gfvmt4kheltu@gmail.ua
Kendall,Lynch,Female,2004-12-27,rlbszivjvy6fhophgx@gmail.gg
Kailee,Greer,Female,2000-07-16,aeo20qevbsh@gmail.ukr
Eddie,Gould,Male,2003-07-24,394do1qpq9v0gdp@gmail.ua
Charlie,Thomas,Female,2004-11-29,34p6ahyre6w9ymhw4is@gmail.ua
Alan,Willis,Male,2003-12-24,6m7i6znpxtu@gmail.com
Cherish,Robles,Female,2001-09-27,0llg4lodp708qa5q2j@gmail.gg
Damian,Olsen,Male,2003-04-25,t3teakx0e0w28@gmail.ukr
Brock,Perry,Male,2005-05-10,5hw145b6a4ikayw6dyc3@gmail.com
Zoe,Mclaughlin,Female,2001-03-17,ugtmn7613pwhiytxzx@gmail.gg
Javion,Graham,Male,2003-03-29,1u1l31aucuxwm239feaz@gmail.gg
Max,Ali,Male,2002-10-26,a5oerd5kwt9v6t@gmail.ua
Deacon,Valencia,Male,2002-06-08,1te4th2xpm0aevirh8n@gmail.ukr
Averi,Tyler,Female,2001-11-06,04mvyj5ixd4@gmail.com
Devyn,Parker,Male,2003-10-25,yzzaxew0jekn@gmail.ukr
Adelaide,Fischer,Female,2004-01-14,lkwbh776nuk@gmail.ua
Lilliana,Huber,Female,2005-11-06,twiqkrpx10o0rmdvg@gmail.com
Trinity,Roach,Female,2005-02-10,u35496o74gl4s4wsd7q3@gmail.com
Michaela,Morse,Female,2005-02-18,po3nvdiyr97528f@gmail.ukr
Dennis,Sanchez,Male,2002-08-23,dgc7itzaj9y@gmail.ua
Frank,Farrell,Male,2002-06-02,y8qlzc33475vpt2t7aqo@gmail.com
Beatrice,Johnston,Female,2004-07-11,5vqprkw0rsnlcujhwv8@gmail.gg
Joey,Tate,Male,2003-08-12,nq3f4wzbv2d@gmail.com
Lennon,Delgado,Male,2001-07-13,t24dd5w04aktc@gmail.com
Shyann,Velazquez,Female,2005-11-08,h2z8vlg9t1l@gmail.gg
Branson,Jordan,Male,2004-02-23,ms8nk80arbfdbe58ttl@gmail.ua
Princess,Sheppard,Female,2003-04-23,3bi0smr1sqeo9xw3j7j@gmail.com
Conor,Cochran,Male,2004-12-31,17f02k6ttvfa3aop@gmail.ua
Armani,Prince,Female,2001-01-03,iuabyisogwn8@gmail.ukr
Camila,Allen,Female,2001-06-22,roas2owbev0@gmail.com
Maya,Hull,Female,2005-12-24,yhfatse6w55htrx@gmail.ukr
Sonny,Morrow,Male,2004-09-07,wr152bgrg42@gmail.ukr
Abraham,Stokes,Male,2004-08-06,svk27l4qc0kd96vt@gmail.ukr
Kenna,Webb,Female,2000-06-29,6njcbdohcnrpl@gmail.gg
Micaela,Gates,Female,2000-06-18,hvxyn277hh6vhvca@gmail.ua
Ethan,Shelton,Male,2004-08-07,0p476nu29z2ono46z@gmail.ua
Dean,Mooney,Male,2000-01-26,rs4fayynf82vx3obn@gmail.ukr
Danny,Riddle,Male,2001-03-22,si5zxob1ho8b@gmail.gg
Shamar,Reeves,Male,2005-12-29,0weqb8wprw3g@gmail.ua
Emmalee,Nelson,Female,2002-06-22,05tpmf8mygtp9huq@gmail.ukr
Finnegan,Schultz,Male,2000-08-10,tecik9bceyawrxn@gmail.com
Kasen,Schroeder,Male,2002-03-15,irl1q2xf8p8kwdgk@gmail.gg
Kadin,Love,Male,2003-08-24,loegz1czkj0g8s9fgmcu@gmail.com
Ryann,Frederick,Female,2004-10-30,6mz91m8617o0947@gmail.ua
Campbell,Bauer,Female,2005-09-03,sl4a9yimg7zvxgk9@gmail.ua
Maddison,Burch,Female,2004-03-01,70b3jzb18hlm8h9ra88q@gmail.ukr
Jovanni,Keller,Male,2000-06-19,5dpee5vwacl@gmail.com
Rylee,Ponce,Female,2004-02-22,6cm4ga5g8rzd@gmail.gg
Elena,Pope,Female,2005-04-10,gqa18ho2hp05ob6bfo0f@gmail.gg
Violet,Mcconnell,Female,2000-04-11,7yamu758eobefd5pmte@gmail.com
Sebastian,Castro,Male,2002-04-11,unh6o5cx24dhv35@gmail.ukr
Rosa,French,Female,2001-04-02,hk0u3zyyslgu1ide@gmail.ukr
Cristal,Aguirre,Female,2001-08-26,x0zcpmsbk1o@gmail.ua
Anastasia,Gallagher,Female,2003-11-25,hg8bk0yvm97k4vbfm@gmail.gg
Ryder,Potts,Male,2005-11-24,3rdl6lr5rwfa5apqfz@gmail.ua
Dylan,Sherman,Female,2002-02-18,qunwkw53x1vz7tegz6q@gmail.com
Josiah,Alvarado,Male,2003-03-18,on0c8dqcafkweq@gmail.ukr
Janet,Krause,Female,2001-04-04,c4xuivgemql6locv0z@gmail.ukr
Hassan,Duncan,Male,2001-05-18,rk6fbh73pvqx8k2@gmail.gg
Lily,Mack,Female,2004-03-19,17fmba09gmwxjvd@gmail.com
Chaz,Bryan,Male,2003-07-31,uu8o2doyxdab338@gmail.com
Pranav,Conley,Male,2003-05-11,atr9fv6gdshka51ys1@gmail.com
Jada,Parrish,Female,2000-08-06,iay75bxc7k@gmail.com
Karson,Reid,Male,2004-01-24,2ndakn5ics1dv@gmail.gg
Thomas,Moran,Male,2004-11-02,y06x6ze4mry0869gls@gmail.ukr
Diya,Oconnor,Female,2000-01-19,99epejcl2qmo4y0ewa@gmail.com
Katelynn,Benitez,Female,2000-08-17,ru6qfw03l4l8nxmfw@gmail.com
Damari,Larsen,Male,2002-09-02,6t8dzbhbpktijm@gmail.ua
Kaley,Armstrong,Female,2003-07-02,t7szpivydwhd@gmail.ukr
Layne,Castaneda,Male,2000-03-03,ymoeul0tgb1@gmail.gg
Zariah,Welch,Female,2000-07-21,47rcx506i8h4ln8g3@gmail.com
Garrett,Crosby,Male,2004-04-07,r1er83ocox@gmail.gg
Allie,Blackburn,Female,2001-10-26,lwliwrghaowudy@gmail.com
Bennett,Gibson,Male,2001-10-21,stek7epqz0@gmail.ukr
Angie,Thornton,Female,2005-12-23,oz9pqx4ii2t2xvhu@gmail.ua
Bailey,Ellis,Female,2000-05-28,6aqzuqb0qasq8bp0s@gmail.com
Savannah,Houston,Female,2004-04-19,hk42fbd6xi@gmail.ukr
Jimena,Krueger,Female,2004-04-25,odr6mh6ttxtcjl@gmail.gg
Jett,Alexander,Male,2001-02-10,ilh73hgkgihan7femnd@gmail.ua
Aurora,Walsh,Female,2000-04-30,i6b0gdsqst7cz6vbgem@gmail.gg
Marquise,Owen,Male,2004-10-14,uurn3r5t1ai@gmail.com
Melany,Cuevas,Female,2003-09-09,vjg7xefaep4tpi@gmail.ua
Sarahi,Perez,Female,2005-03-04,ezkvffwqcajuhabi@gmail.gg
Elisa,Fisher,Female,2001-07-17,h2y1o14ee2o9q01g6ke@gmail.ukr
Kamron,Velez,Male,2002-08-18,nmea7hp5suj7kqkr@gmail.com
Kolten,Maxwell,Male,2001-03-09,o49358yjwiu8v32@gmail.gg
Thalia,Mccall,Female,2005-10-17,91o4uraivjf9xp8jol@gmail.com
Jaliyah,Conrad,Female,2005-04-21,79cyxizp7v4ppxd2@gmail.ua
Madisyn,Mcintosh,Female,2002-09-08,7x1sgdwll7c67kcs@gmail.gg
Amare,Glenn,Male,2004-08-01,zf8t4za4mf7n6dyra9@gmail.ukr
Madelyn,Herrera,Female,2002-11-28,lemno879xtxmph4vn9@gmail.ukr
London,Dunn,Male,2005-01-21,gsymjf4aj1e0c@gmail.com
Alijah,Fitzgerald,Male,2005-03-28,97y7vu3bowasq8@gmail.ua
Gretchen,Andrews,Female,2002-01-05,41ylfo6prr@gmail.ua
Simone,Blanchard,Female,2005-11-02,h06r1gd9u897x@gmail.ukr
Jewel,Bruce,Female,2000-11-07,snpgb3yi2y5k3j7@gmail.gg
Theodore,Nguyen,Male,2003-03-05,iiq77krh0joet@gmail.gg
Phoebe,Delacruz,Female,2004-07-16,fxs4daauvfbk7@gmail.ua
Madelynn,Ramsey,Female,2002-04-28,ppti8fy5ce9zjpfykmt@gmail.ukr
Brylee,Norton,Female,2005-02-11,0zcyvw5jf2rz8p9z6t@gmail.com
Mckenna,Donovan,Female,2004-08-18,u2u4t0ajfcl641rxzspa@gmail.gg
Case,Foster,Male,2005-02-06,x4ipvtxjz340xskuxzu@gmail.gg
Aileen,Rocha,Female,2002-07-01,1bf61do08niuzyu5hk@gmail.com
Emmanuel,Miller,Male,2002-11-29,xz1ekd3ykr@gmail.ukr
Mary,Atkins,Female,2002-08-09,l4f3u5cblwdvb51@gmail.gg
Yair,Snow,Male,2001-05-25,tvu2ap9dexo@gmail.ukr
Jordyn,Kaufman,Male,2002-06-04,o5dem4fv3frt83t1@gmail.ua
Aldo,Petty,Male,2005-01-06,n007rc9ux5kg0l5m0@gmail.ukr
Miah,Ford,Female,2004-03-14,bjiwe0ld53@gmail.com
Olive,Green,Female,2005-09-19,0f08orocjtvbfjd@gmail.ua
Amani,Brooks,Female,2001-07-11,krzbcj8p64ne0h@gmail.gg
Stephanie,Roman,Female,2004-08-27,stnc8p6kf7zl@gmail.ua
Dashawn,Vazquez,Male,2004-07-03,ndgeq17k5yo9@gmail.com
Addison,Schwartz,Female,2002-06-06,bk72n4fkds6l2tw19@gmail.gg
Mckenzie,Lara,Female,2004-10-14,6cg24xel8chu6db@gmail.ukr
Aisha,Pineda,Female,2000-04-23,95yj8012w25n75@gmail.com
Janelle,Chase,Female,2004-11-25,v7902yhvt2ng2@gmail.ukr
Ignacio,Holloway,Male,2004-04-06,dv2qi997p8dg9p9p@gmail.com
Kaila,Mathis,Female,2000-06-26,a22s8fkhmq2js@gmail.ua
Harper,Todd,Male,2001-04-14,sajr16d7qo@gmail.ukr
Hadassah,Park,Female,2004-06-03,zptdzbmx5ayb6723kjk@gmail.com
Lukas,Riggs,Male,2005-04-17,6s08c6m4y654kukrp@gmail.ua
Thaddeus,Haley,Male,2001-04-21,gg02a3x6h2ktui78@gmail.ukr
Kenley,Everett,Female,2002-10-05,iym9mwjdh19b40ec4cbq@gmail.ukr
Maxim,Mcmillan,Male,2000-10-24,a6tkcoqhzte8h4f@gmail.gg
Robert,Mcfarland,Male,2002-01-05,1fo92md7zb11b3td@gmail.gg
Amari,Leon,Male,2001-04-26,pbqqulzdgxs1wpylvpk@gmail.ukr
Alice,Gillespie,Female,2000-12-27,339brx5726s@gmail.ua
Conrad,Shepherd,Male,2002-11-17,apskluwd25@gmail.ukr
Holden,Matthews,Male,2001-11-05,qprv27abwcz0hv@gmail.com
Makenna,Snyder,Female,2001-04-29,fsoidnbtxibf3@gmail.ua
Deandre,Hickman,Male,2004-02-04,aqnfajg7adg@gmail.ukr
Yuliana,Woods,Female,2000-03-05,yr1x3bmamshokxc90c@gmail.com
Adriana,Bonilla,Female,2001-04-19,3wslm0ty11xrqp4dxm@gmail.ua
Devon,Murphy,Male,2004-12-28,rttxx6fmvyzwj@gmail.com
Cordell,Christian,Male,2001-10-14,bgpmdh2e6mzf6w@gmail.com
Kristopher,Little,Male,2000-06-15,opmt3cpvve9wj5ke2c0g@gmail.gg
Fletcher,Norman,Male,2003-05-31,uatri1lc274z0j8@gmail.com
Sanaa,Reynolds,Female,2005-08-09,mpa0y6qf7xzs1o@gmail.ua
Justin,Leonard,Male,2004-10-20,607zcixgpbk@gmail.gg
Leilani,Peterson,Female,2002-06-15,t00b5fp3edg4z12uk4@gmail.ukr
Ellis,Holder,Male,2002-03-23,j5inmb7hbevjq@gmail.gg
Ayaan,Hines,Male,2005-01-06,mdvmhmru1afiyq28@gmail.com
Braelyn,Rosario,Female,2005-08-30,e5dkfq3olep6upd@gmail.com
Lilyana,Lindsey,Female,2005-11-01,rflue21vq6s@gmail.gg
Sonia,Miles,Female,2004-05-11,ble1qxwetnf@gmail.com
Hudson,Pham,Male,2003-09-15,c4klisf51ydh3i3@gmail.ua
Clay,Figueroa,Male,2003-02-08,lmiohues1jr5biepec@gmail.gg
Kassidy,Rush,Female,2000-09-02,7dizxqctpte19y@gmail.gg
Yareli,Hodge,Female,2002-02-28,2knmpdihwhdksuc@gmail.ukr
Jaylah,Mays,Female,2003-09-17,80qtdci5zq@gmail.ukr
Rylie,Duran,Female,2001-02-11,7en00koudm1kqdf@gmail.ukr
Konner,Cherry,Male,2003-12-15,eollqh282164syg2@gmail.com
Keon,Cunningham,Male,2001-05-18,encgligd5kg7@gmail.ua
Julianne,Chen,Female,2005-10-18,yiejp4211vt6jyrm@gmail.ukr
Cohen,Fuller,Male,2003-01-30,2jfi7l1prn@gmail.gg
Clare,Petersen,Female,2004-01-25,0myf53o2w41wrqkx@gmail.gg
Cali,Pennington,Female,2000-10-23,vs9hdy6sb9agj7mbrwj@gmail.com
Brayan,Mercer,Male,2003-04-10,c528ebnih856q899eyzm@gmail.ukr
Brenna,Cobb,Female,2000-11-22,xbqvewas3x1@gmail.gg
Miranda,Church,Female,2000-09-17,stgsw6l4a1@gmail.gg
Kaleigh,Brewer,Female,2002-05-27,vn0knuiy7qlcc3y@gmail.com
Harry,Ortiz,Male,2003-06-24,d8u8tos8qm53izs@gmail.ukr
Eleanor,Hughes,Female,2004-03-23,mkfppfoy1l6lh3mmo6h@gmail.com
Hayden,Long,Male,2000-01-06,h06l40vtlrhl@gmail.ua
Makayla,Dorsey,Female,2004-11-07,1yjyjm62vfrbk6ciryu@gmail.ua
Giovanna,Erickson,Female,2005-11-14,6ul075m32csx9z@gmail.gg
Emanuel,Nielsen,Male,2001-12-03,2rg6mwqza5@gmail.gg
Bruce,Moyer,Male,2004-01-18,4vetx3iv7en1vkkknvie@gmail.ukr
Johanna,Sparks,Female,2005-04-26,voe2expamj8o@gmail.gg
Janessa,Flowers,Female,2004-07-28,swmukyluiz@gmail.ukr
Tate,Cabrera,Male,2005-09-11,o73i2thol95y9esbv0@gmail.com
Alonso,May,Male,2001-09-20,ajgde75ddewvw3wz732x@gmail.ua
Jazlynn,Avery,Female,2001-01-16,w5pdxdlkto690kv@gmail.gg
Nicole,Frank,Female,2005-07-19,5927hy1kkg0jzz4xa@gmail.ua
Landyn,Carrillo,Male,2005-11-14,7sw8kq1z8gk7ob8@gmail.gg
Aarav,Harrell,Male,2004-10-05,mi77lg2yo79vem4ggv7@gmail.ukr
Tatiana,Bennett,Female,2002-08-12,mwcd9lvb21emnhj23@gmail.ua
Lilia,Smith,Female,2004-01-23,oi56z999ag@gmail.ukr
Nylah,Diaz,Female,2001-03-25,normegowraohrc1gzwj@gmail.ua
Davi,Middleton,Male,2001-11-15,rsgvc42wfisw6g7qu5q@gmail.ua
Bryanna,Galvan,Female,2005-06-04,yoa91691vp8x1j6j@gmail.gg
Lee,Camacho,Male,2005-12-08,080ogmjlsxgnn2ur9vz@gmail.ua
Darryl,Tucker,Male,2005-01-16,rqx07lxw3isu6yb0zrf@gmail.gg
Gwendolyn,Harding,Female,2001-01-12,f4celhsf12@gmail.com
Isai,Wyatt,Male,2003-11-10,sg8yrttulonzsxrk6iz@gmail.ukr
Daisy,Mills,Female,2001-07-05,gfh3a1b6040ak@gmail.ua
Osvaldo,Villarreal,Male,2003-06-28,3d5gay0koi7z6j@gmail.com
Arnav,Meyers,Male,2005-10-07,somhn7ij07i4jc8kf@gmail.ua
River,Solis,Male,2000-08-19,dblwz4ttqy2mrew9kny@gmail.gg
Lane,Mcbride,Male,2004-09-28,iw3iq14huw80ktleav@gmail.com
Antwan,Lambert,Male,2004-11-18,gsddglq1cmo0ekrge9m@gmail.ukr
Leila,Briggs,Female,2005-12-13,54jg1ay6hs@gmail.gg
Ashlyn,Hudson,Female,2003-12-31,z4i1be9r2sj114kzk@gmail.com
Jayce,Orr,Male,2004-09-23,tkwc63p817ow@gmail.gg
Chaim,Lloyd,Male,2004-11-06,136m0h6cqn3r@gmail.com
Kason,Newton,Male,2004-01-02,8t4t5i141w2y6dlwig@gmail.ua
Zackary,Calhoun,Male,2002-11-12,1z5vgsebhja2xc3s@gmail.com
Daniela,Anthony,Female,2003-12-31,iyfdzf1r4cy7axcvyiv@gmail.gg
Lorenzo,Nolan,Male,2001-04-23,4x4taf440hcwrzi@gmail.ua
Matias,Conner,Male,2002-12-11,k5d7v39okg3zau99@gmail.ukr
Tristian,Franklin,Male,2004-10-04,9ex9i5is0i6jm4413g2n@gmail.ua
Carlos,Huerta,Male,2005-07-15,5e5ka86zjlqvdkk@gmail.ukr
Augustus,Huff,Male,2002-07-27,3aou01myy0tajoneq7@gmail.com
Kellen,Martin,Male,2000-07-19,r1ja4okd2c9@gmail.com
Sincere,Johnson,Male,2005-11-12,lex7a92m2y0ielib5uk4@gmail.gg
Summer,Harvey,Female,2003-12-26,ia2a16eezu@gmail.ua
Ronnie,Stephenson,Male,2001-11-12,mq3kjnjs3oiehj0evz@gmail.ukr
Dominique,Hardy,Female,2001-01-25,s0g8va1ev48@gmail.ukr
Mitchell,Cline,Male,2001-05-29,bt4mp32h0xq@gmail.com
Cornelius,Nash,Male,2003-10-22,6au4tffet2mbp5vk23@gmail.ua
Fabian,Bates,Male,2005-10-09,bgnvsrpe1hedan@gmail.com
Jackson,Wall,Male,2005-10-19,60xmdj0qaggwxoh@gmail.com
Isiah,Mckinney,Male,2002-09-12,zpkn4rr9nanc9lkrwn5@gmail.ua
Julio,Ross,Male,2003-11-10,n6fwx26n625w@gmail.ua
Jaidyn,Hall,Female,2004-04-28,mq0e4uruzk@gmail.com
Imani,Blankenship,Female,2000-10-18,qvv8qgsubv@gmail.gg
Tia,Charles,Female,2000-12-05,ahy0d236tgkhhr@gmail.ukr
Ivan,Fowler,Male,2002-03-25,evl6vnzdwmhr@gmail.ua
Wesley,Combs,Male,2000-03-26,21scgco9r5q60p20wt@gmail.com
Caroline,Randolph,Female,2000-04-26,oz8je7kr5k0k9d38@gmail.ua
Julian,Hardin,Male,2004-08-29,rf647lrcvm5msd67n17@gmail.ukr
Jaylyn,Logan,Female,2004-09-12,b36qbh5fpb4br@gmail.ukr
Chasity,Juarez,Female,2004-07-12,1a9zq0pdfe9harr7p@gmail.gg
Sam,Wells,Male,2003-02-08,j6l5664moi1l26@gmail.ukr
Kristen,Bush,Female,2000-05-15,sj4g3fmced9@gmail.ukr
Santos,Patton,Male,2004-01-18,nhnf8zt58jna@gmail.com
Jaiden,Mosley,Female,2003-06-27,vixr0p4c9ez@gmail.ukr
Dakota,Villanueva,Male,2003-02-05,eavzl4nstief4wlz@gmail.gg
Bryant,Lewis,Male,2002-07-03,glbt7yzk00egy3ay24@gmail.ukr
Diana,Marshall,Female,2000-12-07,yoh6c3pgutoobpq@gmail.ukr
Bernard,Rodgers,Male,2004-11-20,k6t7lpwp2t3706a06@gmail.com
Zion,Ortega,Female,2002-05-04,6723fb6iuoihp0ia@gmail.ukr
Ryan,Wheeler,Female,2005-09-15,5bx34hn3w9h9a@gmail.com
Ashley,Stark,Female,2001-06-01,hfuhncb87pj5@gmail.ua
Sheldon,Richards,Male,2003-08-22,a0297p945tarb9bdx2@gmail.gg
Izabelle,Osborne,Female,2001-02-16,iti4p5nc60y@gmail.ukr
Jamar,Cannon,Male,2001-08-17,0r55g3kz5e4ni9ba@gmail.ua
Lincoln,Rios,Male,2004-08-08,osscsmbl7lcu5nbregv5@gmail.com
Maverick,Douglas,Male,2000-04-05,13tgjrfeqzyqcf@gmail.gg
Bridget,Clarke,Female,2004-07-31,lh6lhbuux6gnk1@gmail.ua
Karina,Landry,Female,2003-07-29,m477vlyhmr@gmail.com
Randy,Marks,Male,2003-11-19,zvqh451jevetc8@gmail.gg
Kaylyn,Singleton,Female,2005-06-08,nhc0bpfnzhscg4ilof3w@gmail.ukr
Amaris,Sellers,Female,2000-11-12,ut78n3i42xao@gmail.com
Jamie,Gregory,Female,2001-01-23,7farirqy2b4ff28pub@gmail.ukr
Christina,Richmond,Female,2002-04-24,0fnfhg9m4q4tj@gmail.ua
Rodrigo,Browning,Male,2001-12-18,v6o49ivfsnh@gmail.com
Malaki,Clark,Male,2000-07-19,bsixpe3gh34ix@gmail.ua
Nathen,Colon,Male,2002-04-07,63gwrxl5w8sxdqfm@gmail.com
Clark,Dawson,Male,2004-04-13,dwnkcwf23m38v@gmail.ua
Jordan,Booth,Male,2004-07-07,ztnn8nny06wsc@gmail.ua
Lorena,Mcgrath,Female,2004-04-03,0ymum6rkidzz5ubob5p0@gmail.com
Francisco,Hammond,Male,2004-03-03,04hjdjgr8zlk@gmail.ua
Peter,Turner,Male,2004-05-18,66o8wgrym1g11pmn01s@gmail.ua
Dillon,Avila,Male,2001-08-29,mylxvvjr5dh@gmail.gg
Damion,Haas,Male,2005-04-26,lnv27qmetl1@gmail.gg
Chandler,Franco,Male,2002-04-14,2h4vy7r4naj@gmail.ua
Rebecca,Zamora,Female,2003-09-23,4t6zr7iq91kpc321xbd@gmail.com
Izayah,Bradford,Male,2004-08-06,nf44mo7b7fhq0@gmail.com
Fiona,Koch,Female,2003-10-10,6cagbrsyde44pmty3fxx@gmail.ukr
Branden,Levy,Male,2003-09-23,52fmoy80p8n1t467gc@gmail.ukr
Daphne,Preston,Female,2001-08-22,310c83c03tqkgh@gmail.gg
Linda,Jones,Female,2004-09-23,p5ky2rz6km0@gmail.gg
Jase,Simpson,Male,2000-09-24,szd58mypso1h@gmail.com
Paxton,Mendoza,Male,2002-10-24,x15aaurkzm9rrk@gmail.gg
Danna,Hartman,Female,2003-09-07,xej8xs96bohend@gmail.com
Chaya,Duke,Female,2002-04-26,76sq3gmw2pkvps3@gmail.ukr
Ellen,Elliott,Female,2001-04-13,sxyis24ljq2appf@gmail.ua
Karen,Mckenzie,Female,2001-08-11,w3djys4bv587ggw9njm@gmail.gg
Carley,Cisneros,Female,2005-12-27,hmdid0055ed5fhdg7ep@gmail.ukr
Elijah,Booker,Male,2001-04-06,f8cu641vrkccespg@gmail.com
Julia,Barajas,Female,2000-04-13,xo35doni1d@gmail.ukr
Julien,Galloway,Male,2000-08-09,xpe51kck768m519uq@gmail.ukr
Marisa,Odom,Female,2003-07-23,bx0iktehq602xuf0@gmail.com
Marcus,Dominguez,Male,2000-09-09,t9hc1b8544jpgk@gmail.ukr
Christine,Hubbard,Female,2001-12-09,8x7s2p555eu2u@gmail.ua
Ricky,Hood,Male,2005-04-28,z4hkujgepqw10ibxiqio@gmail.com
Lizbeth,Sexton,Female,2004-06-03,j187dusl2mfnp6@gmail.com
Jay,Huang,Male,2000-02-10,7e3rtcuz0ska4ldoevj0@gmail.com
Aylin,Foley,Female,2005-01-30,x2smh9rjm4nwivt@gmail.ua
Magdalena,Henson,Female,2004-04-12,3b2epcj65ye7yfd@gmail.gg
Yesenia,Michael,Female,2000-01-19,mmpicjku4le@gmail.ua
Jaqueline,Boone,Female,2005-10-07,j5gejiioxcuyq7qrl1@gmail.com
Adyson,Walton,Female,2000-04-26,od7jj4vvcemnn@gmail.ua
Kendra,Mora,Female,2004-04-06,tcy4j53bqryjg73@gmail.ua
Tess,Griffin,Female,2003-12-01,129o9s5r7tcgyq@gmail.com
Evie,Harper,Female,2004-05-31,ckpu0q61rbqc@gmail.ukr
Arianna,Wright,Female,2004-12-17,yxzausu6dxswic4pdt3@gmail.gg
Regan,Vega,Female,2000-03-15,6mwjntnrhdg2flzv@gmail.com
Giovanny,Fuentes,Male,2002-04-27,cvaqh5m0sn9mbsfaxm@gmail.ukr
Mckinley,Raymond,Female,2000-02-02,zsjnzty9811iis2m5l1c@gmail.ua
Madilynn,Clay,Female,2004-03-18,ybj73iz230ro3q@gmail.gg
Elaina,Chan,Female,2005-01-04,mp4t1lnmilgtjy53nhth@gmail.ukr
Dominic,Ware,Male,2005-02-11,llone4qb92de@gmail.gg
Tanner,Case,Male,2000-04-10,uh9q32oaidh2ryd@gmail.ua
Marvin,Hess,Male,2003-12-09,3loytk6ys8q@gmail.ua
Derick,Ruiz,Male,2002-09-17,yj0o1obewsqbm@gmail.gg
Dahlia,Stevens,Female,2004-01-25,2q47ujk52t36aynn@gmail.com
Roger,Murray,Male,2001-07-26,o60f4g5eovdk018@gmail.ua
Sage,Walters,Female,2005-05-06,tu2ta09yd2@gmail.ukr
Elsie,Coleman,Female,2002-09-18,ectk5eiuste5qdsg23vk@gmail.ukr
Annalise,Hampton,Female,2003-09-27,h99i9kbm46@gmail.gg
Turner,Fields,Male,2002-04-25,b8ggfgqjev91mndt@gmail.gg
Cassius,Roberts,Male,2003-09-09,prs5tmf2htdmx2t@gmail.ua
Samantha,Dixon,Female,2003-10-01,pm76cgkqpx@gmail.ua
Reese,Meyer,Female,2002-01-26,imz1zwmemw@gmail.ukr
Jeremy,Lane,Male,2004-10-03,p7u4voop9wwgz6a6043@gmail.ukr
Raul,Carroll,Male,2001-10-02,rqyp8z0mxuzf@gmail.ua
Moriah,Stanley,Female,2005-02-14,bsnavl5cipgrp74rpba@gmail.ukr
Casey,Ochoa,Female,2002-01-06,2r0r9d57m728du@gmail.com